{
  "timestamp": "2025-11-05T23:29:19.947765",
  "results": {
    "random_forest": {
      "accuracy": 0.00011402623987514947,
      "mse": 8768.91121600544
    },
    "gradient_boosting": {
      "accuracy": 0.00012911257417886788,
      "mse": 7744.179014203808
    },
    "adaboost": {
      "accuracy": 8.200389122335398e-05,
      "mse": 12193.543272054008
    },
    "ridge": {
      "accuracy": 0.008864840742621703,
      "mse": 111.805185003725
    },
    "lasso": {
      "accuracy": 0.009551438407732116,
      "mse": 103.69627267768132
    },
    "elastic_net": {
      "accuracy": 0.0007485728844874072,
      "mse": 1334.8752644169847
    },
    "svr": {
      "accuracy": 8.797642549946275e-06,
      "mse": 113665.81407237973
    },
    "neural_network": {
      "accuracy": 2.5924473595563896e-06,
      "mse": 385734.89404381055
    }
  },
  "best_algorithm": "lasso"
}