{
  "timestamp": "2025-11-05T23:26:42.004825",
  "results": {
    "random_forest": {
      "accuracy": 0.0034912116889976824,
      "mse": 285.4335047775626
    },
    "gradient_boosting": {
      "accuracy": 0.004730275814278243,
      "mse": 210.4041631529223
    },
    "adaboost": {
      "accuracy": 0.003211934431719774,
      "mse": 310.3388586405755
    },
    "ridge": {
      "accuracy": 0.04738757805991885,
      "mse": 20.102576686564525
    },
    "lasso": {
      "accuracy": 0.046292622294986575,
      "mse": 20.60171427809348
    },
    "elastic_net": {
      "accuracy": 0.008631532917924867,
      "mse": 114.85427635030244
    },
    "svr": {
      "accuracy": 0.0001384159001034624,
      "mse": 7223.6035264194725
    },
    "neural_network": {
      "accuracy": 1.1240043120372057e-05,
      "mse": 88966.63022087935
    }
  },
  "best_algorithm": "ridge"
}