{
  "timestamp": "2025-11-05T23:28:02.423429",
  "results": {
    "random_forest": {
      "accuracy": 0.0008047060410902978,
      "mse": 1241.6898133448806
    },
    "gradient_boosting": {
      "accuracy": 0.0008630082143994706,
      "mse": 1157.7375222098622
    },
    "adaboost": {
      "accuracy": 0.0008297748904303921,
      "mse": 1204.146132442396
    },
    "ridge": {
      "accuracy": 0.009676891463229732,
      "mse": 102.33897035011725
    },
    "lasso": {
      "accuracy": 0.0070502162695012345,
      "mse": 140.8396204845422
    },
    "elastic_net": {
      "accuracy": 0.0031039263391927654,
      "mse": 321.17259390893565
    },
    "svr": {
      "accuracy": 4.194666071090963e-05,
      "mse": 23838.799951940313
    },
    "neural_network": {
      "accuracy": 1.2501587456548806e-06,
      "mse": 799897.4156817317
    }
  },
  "best_algorithm": "ridge"
}