{
  "timestamp": "2025-11-05T23:27:36.148928",
  "results": {
    "random_forest": {
      "accuracy": 0.0006779594448580783,
      "mse": 1474.0144829228489
    },
    "gradient_boosting": {
      "accuracy": 0.0006800610068017502,
      "mse": 1469.4563120048401
    },
    "adaboost": {
      "accuracy": 0.0005596249608703589,
      "mse": 1785.9110027628972
    },
    "ridge": {
      "accuracy": 0.03357325883725792,
      "mse": 28.78561017407849
    },
    "lasso": {
      "accuracy": 0.022314051708998462,
      "mse": 43.814810552614055
    },
    "elastic_net": {
      "accuracy": 0.003360436571466251,
      "mse": 296.5803824095607
    },
    "svr": {
      "accuracy": 4.080394423834977e-05,
      "mse": 24506.434726374944
    },
    "neural_network": {
      "accuracy": 5.883988945607784e-06,
      "mse": 169951.73261797492
    }
  },
  "best_algorithm": "ridge"
}