{
  "timestamp": "2025-11-05T23:27:09.475476",
  "results": {
    "random_forest": {
      "accuracy": 0.003023700453559829,
      "mse": 329.7205906665428
    },
    "gradient_boosting": {
      "accuracy": 0.003511878636202903,
      "mse": 283.7478810034322
    },
    "adaboost": {
      "accuracy": 0.0025898688689207318,
      "mse": 385.119935260169
    },
    "ridge": {
      "accuracy": 0.013025214881155947,
      "mse": 75.77416527283066
    },
    "lasso": {
      "accuracy": 0.011478540841158444,
      "mse": 86.11908715908505
    },
    "elastic_net": {
      "accuracy": 0.0026519990835905437,
      "mse": 376.0740367851482
    },
    "svr": {
      "accuracy": 3.732990722001531e-05,
      "mse": 26787.17266022634
    },
    "neural_network": {
      "accuracy": 4.261566390243613e-06,
      "mse": 234654.5018571082
    }
  },
  "best_algorithm": "ridge"
}