{
  "timestamp": "2025-11-05T23:28:28.316661",
  "results": {
    "random_forest": {
      "accuracy": 0.037285016686557294,
      "mse": 25.820425169892417
    },
    "gradient_boosting": {
      "accuracy": 0.05804672380786351,
      "mse": 16.227501130124615
    },
    "adaboost": {
      "accuracy": 0.03759626071019727,
      "mse": 25.598389869361903
    },
    "ridge": {
      "accuracy": 0.2344175578044962,
      "mse": 3.265892066130977
    },
    "lasso": {
      "accuracy": 0.07506903094806823,
      "mse": 12.321072449860008
    },
    "elastic_net": {
      "accuracy": 0.029031320731596387,
      "mse": 33.44555655064101
    },
    "svr": {
      "accuracy": 0.0018975511574916462,
      "mse": 525.9950146281642
    },
    "neural_network": {
      "accuracy": 9.03090010944782e-05,
      "mse": 11072.093355930645
    }
  },
  "best_algorithm": "ridge"
}