{
  "timestamp": "2025-11-05T23:26:11.788606",
  "results": {
    "random_forest": {
      "accuracy": 0.005918808172347868,
      "mse": 167.95293290157787
    },
    "gradient_boosting": {
      "accuracy": 0.006870322585152093,
      "mse": 144.55357300997275
    },
    "adaboost": {
      "accuracy": 0.004249201184278595,
      "mse": 234.33835105286363
    },
    "ridge": {
      "accuracy": 0.023276269613789913,
      "mse": 41.96221072330056
    },
    "lasso": {
      "accuracy": 0.017099504184383357,
      "mse": 57.481227830762506
    },
    "elastic_net": {
      "accuracy": 0.007440382214576177,
      "mse": 133.40169754195384
    },
    "svr": {
      "accuracy": 0.00015668062184713406,
      "mse": 6381.410206258009
    },
    "neural_network": {
      "accuracy": 5.5799868419102665e-06,
      "mse": 179210.89213013585
    }
  },
  "best_algorithm": "ridge"
}