{
  "timestamp": "2025-11-05T23:28:55.030927",
  "results": {
    "random_forest": {
      "accuracy": 0.0006618068184542427,
      "mse": 1510.0149549919454
    },
    "gradient_boosting": {
      "accuracy": 0.0007118910096002389,
      "mse": 1403.7094098878256
    },
    "adaboost": {
      "accuracy": 0.0007106781220941946,
      "mse": 1406.1067743766257
    },
    "ridge": {
      "accuracy": 0.06508473885352721,
      "mse": 14.364584964387637
    },
    "lasso": {
      "accuracy": 0.02223389442924463,
      "mse": 43.976376189170104
    },
    "elastic_net": {
      "accuracy": 0.003499931371458927,
      "mse": 284.7198881540227
    },
    "svr": {
      "accuracy": 0.00014888294393081676,
      "mse": 6715.6860998173315
    },
    "neural_network": {
      "accuracy": 8.423290664459899e-06,
      "mse": 118717.44862474776
    }
  },
  "best_algorithm": "ridge"
}