{
  "timestamp": "2025-11-05T23:25:46.283088",
  "results": {
    "random_forest": {
      "accuracy": 0.00022116447127351344,
      "mse": 4520.521898349139
    },
    "gradient_boosting": {
      "accuracy": 0.00022993695144734534,
      "mse": 4348.0182578548975
    },
    "adaboost": {
      "accuracy": 0.00017067102827907006,
      "mse": 5858.2252597486295
    },
    "ridge": {
      "accuracy": 0.002226878544883883,
      "mse": 448.0590662420448
    },
    "lasso": {
      "accuracy": 0.0026868771857636014,
      "mse": 371.1792738791682
    },
    "elastic_net": {
      "accuracy": 0.0007376269678604504,
      "mse": 1354.6988065398216
    },
    "svr": {
      "accuracy": 5.3076285505490334e-06,
      "mse": 188407.0602996526
    },
    "neural_network": {
      "accuracy": 3.473132020068978e-07,
      "mse": 2879244.5749497814
    }
  },
  "best_algorithm": "lasso"
}