{
  "timestamp": "2025-11-05T23:29:46.261239",
  "results": {
    "random_forest": {
      "accuracy": 0.026994907073278104,
      "mse": 36.04402453712784
    },
    "gradient_boosting": {
      "accuracy": 0.02831209702255647,
      "mse": 34.320591025217674
    },
    "adaboost": {
      "accuracy": 0.021267947998759976,
      "mse": 46.01911063814454
    },
    "ridge": {
      "accuracy": 0.2506980103170996,
      "mse": 2.988862930085218
    },
    "lasso": {
      "accuracy": 0.153946050942535,
      "mse": 5.49578208650042
    },
    "elastic_net": {
      "accuracy": 0.06832155492700549,
      "mse": 13.636669219083151
    },
    "svr": {
      "accuracy": 0.002453410429074939,
      "mse": 406.59588699435466
    },
    "neural_network": {
      "accuracy": 0.0005214508699602752,
      "mse": 1916.7262089450178
    }
  },
  "best_algorithm": "ridge"
}