{
  "timestamp": "2025-11-05T23:30:14.469926",
  "results": {
    "random_forest": {
      "accuracy": 0.8057482922586995,
      "mse": 0.24108236977675473
    },
    "gradient_boosting": {
      "accuracy": 0.8177074981256633,
      "mse": 0.222931185408211
    },
    "adaboost": {
      "accuracy": 0.7734091122216239,
      "mse": 0.2929767495594822
    },
    "ridge": {
      "accuracy": 0.9181322567670074,
      "mse": 0.08916770174405073
    },
    "lasso": {
      "accuracy": 0.3317821339657754,
      "mse": 2.0140260659820637
    },
    "elastic_net": {
      "accuracy": 0.4878491831866551,
      "mse": 1.0498138245675646
    },
    "svr": {
      "accuracy": 0.34868598431840553,
      "mse": 1.8679099389519525
    },
    "neural_network": {
      "accuracy": 0.03830999105616956,
      "mse": 25.102851304084474
    }
  },
  "best_algorithm": "ridge"
}